rid,,Ƽ
357640,ڹʹã̫Ӧٶ,ĺܺá˽·ܻҪĶա
348511,ǲܺܶʱ򲻹ʱ򲻿ռڴ̫,ƲƲнÿֻ
328128,ིЩճСʶС,ֱҽ
349517,ûˣõĺõ,ãֱۡ㡢Ч
331098,Ҳı䲻׼,𣬱ȽϺãʵھʷѹ
355312,Ҹоܺãûвõġ,̬ܵ·׬Ǯ
371919,Ʋ׼ÿ7000ϣ⣬кöʾ㡣ÿѡҶҽÿҲϡ,Ҫܼ߲˶òȺ˽⽡֪ʶƵֱͷȡ
338043,Ǿڣǰһ˼ǣڶͲܲˣвʺϾڲ̫׼ȷˣǰһ˺һ죩appھͲ׼,ҽֱѰҽҩ̫ãʱ˺ûһ
349876,ǿƽҽֻĵ̫ˣһ͵ó弸ε硣,ͷܴ˽⵽ܶཡ֪ʶһҽﲻֱʣǶǺĺܵĵĴ𸴣áо·Ǯ׬Ǯллƽҽ
336685,ʱƲ׼ȷ,оԾʹ
335533,һƷḻʵ,˵ط
346380,ȫһƷÿ׼㶼ǵƷ,ñȽϺãÿ·°
327036,Ŀ٣ᱦûнһ,ĺȫ档ݺܹ㡣
334601,ûвõķ,ֱע
339431,ᱦһ̫ѡ¼۸ߵ㣬һͺˡ,ҽѯĿܺãøصĲ˽ƽʱѼҽķ񣬶ҽ̬Ⱥܺãѵá
325937,̳Ʒһ̫٣Ʒֵһ۸ƫߣȫһӦʱһ,ܹʱ壬Уܲɼ񣬵ɽεȸ¿ʱƲһּල
323445,Ʒ̫٣__,ԼԼ壬߲ȥɡ
321841,ȫһҲϣϣȫһƷ,ҽⷽȽϷ
360289,Ҫֵıʾúúó,ǵûǷҲҪ
331467,ͷºҽݵ,ͷֱȽϺãֶʵݣллƽҽ
361160,ѯҽе٣ʱõѯ,ҽѯɲȥҽԺܵõѯ
330498,ʹò֪ôͱᣬҴͷ绰˽qq.רְͷǼ£޷⣿,ֱıȽϺЩֱǳ
364512,̳е̫ˣȥû,вĵطѯԽǳа
337620,·׬ĽһƷѣûξ͸ЩûõģõƷԶû,ƼһЩƷѧŵĵǶͬʱҲѧ֪ʶ
360730,ʵߺ,ѯرģܺúʵ
340919,һƷʱôҲòԼҪĶ˵ĸоֻд˿ģʵʸûС,Ʋ׼ȷ-ȥǳ⣬Ľˡ
361323,ǿɻĶЩ,ͦõģǿɻĶ˵
327213,ʹò̫ãĶ򲻵˿ĸ˶µ,רȽϺãЩͨ
359289,ҳ¼.ܻƷڳ.,Ѷ.ѧ֪ʶ.
344474,Ƭ̫ˣǧƬƷͿԻˣɼ,
341803,ûУķǳÿζҰʱۿ,ǳãƼĲƷϢҲǳλҺ⣡
338127,һ̫ˡ,ϲܶԼ˶вǣȫһƷЩ
373878,żԶ˳Ҫ,ֱӶһƷȽϷ
371565,ܷˣҳ̫,һҺźͽ֪ʶ̳Ҳ
353262,˶ǲԽЩ,ҽ̳ǣȽϷʵá
331101,ʱƲؼƲ,ͼͷ
341099,һƷ,𲻴ԶһƷ
374824,öһĶ̫,Ӫģ֪ʶ
349878,Ʋ׼ȷʵʵҪ١,Ǿڷ㣬̳ǵĲƷ
356423,ʼʱеĳ̫ãڻá,ÿ첥ĽŽϺá
322406,Ʋ׼ȷҪ򿪱ܼƲܲ,ƻֱȽϺã̳Ҳ__
332611,ǲұߣܷѵ硣,ͷܺãѧ֪ܶʶ¸Щ
329715,ûУŬԽԽԽ,𣬶Ҷ콱гɾ͸
358761,ʱӦû칻˵,ռܺ
327722,̳ȫ࣬ӻӻ,ȽϺã̳Ƕ٣٣û
329533,ЩƵµıȽ,ݱȽȫ棬ݱȽϷḻ
344498,һƷʱƷǸµ̫,ȤζɿĻȽ϶࣬ǲнһƷ
329298,׼ȷʱ򲻿,΢ȦѶ
372430,ѶһƷ̫٣һʼ,ͷѶһ
326238,⣬򲻿,Ƚȫ棬ݷḻ
364428,Ʒʵ̬ȺáĿǰûвõĵط,1.ҽ2.̳Ʒбϡ
337683,춫̫첻,Ծ춫첻
357099,һƷ̫٣УӦЧڡ,ʱʵϢҽѧʶ֪ʶȽϷḻ
337382,Ŀǰûʲô⣬,ҽظȽϼʱ̬Ⱥܺ
352099,ʱûзֲõ,ҽƽҽѯ
356817,òĽƷʱּ֤̫,˽ཡ֪ʶ
356114,ƲãʱƲֱѻ̫,ϿɽͷȽʵã
365293,ҹעķʱû,ҹעĽĺܺ#
354544,һƷٶһ ,Ʋ ÿ֪ͷ˶ оڼƵر׼ȷ ÿζǲס д ǰ ̫  н̳ Ҳرϲ 
356221,𻻵ܹࡣ,ϹҺرݣǾر׼ѼʱȤǿʹϣƽҽԽԽã
341094,Ʒ̫٣,ܺãҺÿ칲ͬ
346945,ֱĿ࣬ʱϰ಻㿴ϣӿ,嵽ﶼ˵
355840,Ϊʲôۼ,ָʳױ
361275,14ܶһһΣʱ̫ˣҺܶƷʱҲӦӶһƷǮڶҲǵƷľûȤˡ,Ʋ׼ȷҽǳΡ
358463,ûʲôõϣЩݶ,˵˽ʹ
374674,׼ʱ״,ֻҪЧ
331115,ͼᱦľȺͷӦٶȲܶ࣡,ѧ֪ܶʶʦѡָ
331164,·𲻺öҶܲ׶ҵ,ҺϲƽҽĽֱĺܺãо·һҲܺá
349937,ʱĶҲԭɡûС,ƽҽѧ˺ܶҲǰ֪֪ʶѡлƽҽ
364369,ϣӵ٤ֱΣϣƽҽԽԽ,ͽֱΣϲõָȥѧ
337155,̳Ʒеأ˿裬ڲƷûζ,ҽѯ巢״ȸ֢״ѯһ£
350252,һе٣ܶҲ,ʾ֮һ
338084,ûʲôõģͦõ,̳ǺͽѶú
355513,Ʒܶһ̫٣Ǳƭĸо磬䣬ȽϴƷ,еʱȽæ岻ͻƽҽȥѯݡ
366450,Ƿúһ,ҽԣ̫
322879,ĿǰΪֹû֣ӦûС,ƻҽ
369291,еĶʣΪʲôҪҪչǮŻ,ϸЩһ¾ͻᣬ
330860,ÿοֱҪ˵ЩûõģӺŽ⣬ʱ䡣,ȽϺãƲ׼ȷǳϿɡ
349961,Ʒ̫٣ͻȤ,֪ʶ
361128,ʱ粻;ҳȥʱһͷ˳ҽˣ,Ѷḻȫ档
329150,Ʒʵ̫ˣʹõȺģơ,ֱȽϺá
350936,ûǷȱϣԽԽá,֮ѯƻ
342202,ޣվʮֵĺˡ,ѶǾڣʮģޣ
353353,ٶȽĿǰ#û֡#,appϺãõͬʱ˶ĽʡĻľջһ
346548,Ķһ̫ˣرȫң̫٣ϣĽ,ռ֪ʶҽƷķḻԴһСӺҽܽǳʵõҲǿƼˣ
353006,ֱҪӦøϸЩһƷʵ¡,Ϣ½Ͽ죬˵Ȩԡ
350657,һƷñȽ٣Ҳ١,𣬽ͷ
330080,ʱûз֣ҲûкõĽ,ͦãĲҺϲ
338104,ҽشе,ҽʱѯҽ
374900,ᱦ伯Ƭʱʱֱȡɣ·˶ʱҪͷͲֻȫ,ᱦ伯Ƭ˶֮໹ܵõССر
329564,¼׼ȷ,ѶϢн
351127,43ÿ߲ۼˣÿղ߲,ܹÿ֪Լ˶ٲĶٱȽʵá
363014,Ŀǰûз֣ȱ϶,Ϣɿ׼ȷ
327250,̫ãñѧ,ֻòƷһĿ_
355051,ýȫһƷԽԽöˣûп,ҽʱش
331642,ڻûУֱ翴˵,ҪǾýͽҽúãÿ춼ҪԼĽܴã
324541,õĺûģϣƽҽԽԽ,ȽϿɵģʣͷ̳ǣܶţѧ֪ܶʵ
328559,:ҸоˣôҲҲȱ㣬һСһ£ʱ·ʱǲӲ鿴ֻӶԲǲСˣⲻֻ֪⻹ʲôԭ,:һƽҽڲһԣʹֶԼֻÿһĲ𡣵ڶҶԻҪĶÿܸһЩ֪ʶ
371398,㣬һ㶼,ƲȽ׼֪ʶ㡣
345012,һƷԶһЩ,˵⣬ڶһ棬ƷϣڶһЩ
334526,һƷ̫٣ÿһȥû,úãʵǵ
350937,Ƕһ棬ǮһС˵,ԶһԼĶҽֱܲҲܺá
329800,Ʋ𲽣һƷ̫ףоЩڽͷɿ̶Ȳ,ԶһƷԿܶڽĳԣסУ˶
329566,ƷƷ̫һֻƷѡ,֪ʶ˶ʳȡ
363184,Ƭ̫ ûй, Դ̼˶
339322,ĽƷ̫ˣҾ,ÿǲû
339240,_ȫһһĲƷ,һ㣬ܵ˵һ㡣
332147,̫٣ȫһƷΪɶû,ͷŽϺãֱ
331023,ûеˣܺ,γãֱҲ
360715,ûԵĲ÷棬ϣٽ,ͷ̳ǣ
370009,ǲ׼ʵʲ,֪ʶ˽˲٣
330341,̳ǹһмܲ׼ȷ,ƻԼҪķ˽ôյЧ
332816,̳ȫһܶҲ,ƻ裬Ч
363795,ɶһ½,Զһ˶
367021,ֱݽɸѡܲ㡣,ʶռƹ㣬罡ͷƵȡ
370247,ûиоɶ˾Ϳ,֪ʶ£Сʶ
328752,ҳƸӣҽŷΪ˸һԱͽҪǿĽ,ѯֱطŵȼȽϺãʱܲѯҪϣÿĶʹòҪҲȽϺá
337370,иҳһЩȽϵֱ¶ݣ̫ϲӦÿǴ󲿷˵ĸо,ҽƻȽϺãܽϸʵʣǳʵ
331770,»˿ͻ,оϣһ¥
371413,ʱûзвõġ,ÿĽ֪ʶ ŵȡ
369690,Ҿø涼û,涼ܺãÿ춼ϺܶΣ֪ʶ
329416,һ̣١,ݷḻʵǿн
329502,ûЩãݶܺ,ֱͷܺ
347437,ȫ棬,ȫ档
373612,ÿζ,Կö
358697,ᱦ(Ϸ)˿Ƶ(),һƷȽϿ!
364576,ʱϵͳȶҳ򲻿,˽ཡѶԼƲȡ͹ֲƷ
337816,ʱûз֣ٽ,ҽܼʵ÷
377037,ȫһƷ̫ˣýҽͥʹӴͻ,ҪǽѶ𻷽˼˽֪ʶж
361335,һЩ֪ʶ,׼ȷ¼¾ڣҽԽ
375669,õòԣʲôҰ죡ÿ鶼һҳ涼гȻȥҾ͵㿪ҳͿˡ,ҽԵʣʲôԵ˵еıҪҽߺܻش𣬶ԼûѲ˵֮ҽͲˣҽܷ㣡ܺàкֱܶŶ
327431,ĶԶڲ׶ҵˡȻѵģöӵǮһҲֵõ,в˽ѯҽͦģ̳ҲȽϷ㡣ҲͦãߣҪǻǮԼ˶
341860,Ŀǰûвĵط,ͨ׶˾÷
362595,ûед۲졣,ƻ̳ǡ
355284,Ŀǰûᷴӳǵġ,һܼʱƷҲܺã̳ĶҲ
359195,ѶҽƷ̫٣ܻС,ͷıȽϺã˽ཡ֪ʶʱšв𣬿ԶҶͶһ㽱ƷֻϧܶԵĽƷ̫٣С
325570,̫ˣʱûС,÷ǳá
355602,ÿµƷ̫٣,ƬĿӵ㣬Ʒ
335461,ȫһĶ,ܴʹԼÿֶ
331434,Ҫظεĵ¼У,ҽѯͦģҲܵĺϸ
363873,ĿǰΪֹûз֣ʱû,ϢȽϼʱԺԽԽ
359846,ܷͻ,⽡ҶһһƷҽѯճԤƻ
331685,еķ治Ǻܾ壬,ȫ
337501,ϣӶѵĹ,ԺҽҽĲζǾ͸ˡ
370690,Ʋ׼ȷһʱҶˣڻֻǲ׼ȷҪµ½㲻̫,ܺãǶ˶˶н
371163,Ʋ׼ȷǰƲڲˣУһҲˣϲڵĶһʽ,ͷͽ֪ʶ˽˺ܶƽʱע⡣
339233,Ʋ׼ණ,ƭˣ潡Ͻͦõġ#
342163,Ƕ,ͦõģݷḻ
349649,ƷһѣƬҲ޷һʱǷϢӰݡ,ԽкôƷһ
368320,ȡøãϰջø֪ʶ,ģ̬Ⱥãרҵˮƽա
328146,Ŀǰʱû,ݺܺã࣬ȫ
338035,û֣оȫѾ㹻,ģզԼã֪עЩ#
333831,ͼᱦǲ첻䰡,ṩƷƻȣ̫Իˣ__
364286,ҵĽǮǽûУһֻ꣬0.5֪Ϊʲô,ҸҾƽҽݶͦõġ
332811,Ʋ׼ܼƲ,˶ȤҽԺܷ㡣
322050,һû뵽˵ҽͦÿ,ʱҽҽԺ
366248,ʱ΢źѣҲûн֪ô¶,Ǿڣǰע⾭ڣ˽ԼԴ̫ˣ˽⽡֪ʶ·׬Ǯţ̫
362272,Ҹ˾öȽϺã,ֱȽϺãҽҲȽϺ
365344,Ʋ⣬߲,ĶͣãǼƲ׼ʱƲɶʱƲ׼ȷ´ˡ
366008,ãȫԻôҲţǾ˵治ˣǷǳ⡣Ҳ֪ĶԲԣ˼,壬֪ʶ
354782,̫죬߲̫׼,ÿ֪Լ߶ٲ塣
337396,ãûҪĽ,ÿ췢ͺõĽѶ
350344,֪ô£ͷˡ,ֱͷܹÿ߲_ʣЧطֹּķֱʦҾúãϣƽҽøʡ
340231,ûУҾͦõģ#,ֱҽ
353875,ҳ̫ӣ̫̫࣬,Ƚȫ棬඼У
333072,һƷ̫ˣ㣬Щһһξûˣһֱû,ܺȫиϢڣԼ̳ǿܷ
328359,Ʒе٣۸ее,̳ǣܷ㣬ģ
339157,ĿǰǷȱ,Ŀܹ࣬ѧཡ֪ʶ
360798,̳Ʒļ۸ͽγƼļ۸һ,һƷʱƷ
338462,ʱûõķ,ƻѧѶݼʱͦõġ
352010,̳ǵĿͷʵģԶ˵޴,ѯֱ涼ͦõģֵƼ
351099,Ʋ׼ȷÿζʵʲ,֪ʶȽȫ壡
349168,ûֲõĵط,涼ͦãõ˳
332546,̳ǿýһƷ۸,ͷ𣬼Ǿڣҽ
362800,ܺãѡΧ㷺,֪ʶ㣬ܳʶ
327678,ûУҶò,ܺã֪ʶȤζԡ
340060,涼Ҷп,Ƚȫ棬ҽشϸ
324255,ȫһƷкܶƷû,𣬽ͷҽ
377078,ȻǺҽôݺǵķΧЩ,ҽѯһЩƷҩ
332488,Ʋ׼ȷϣŻ,һƷ죬Ʒʺ
336537,ҽе¼ɾ,ƻͷ
329241,ʱ_ãڸǡ,ĶȽڣݣƷܺá
345408,ĿǰоãЩƵгԶо̫,Ǿڣڹæˣ¾ڼǲ壬˺ҽȽϷ
361717,̳ҩƷȫҩƷ򲻵һҪȷҩƷ泧ҵģ۸ܸгۡ,߲̳ܶǵƷ֤۸ȽϺá֪ʶʵá
345649,ܶƷࣩ֮ܶҲϡ,УнһƷ
369105,˺öȴƷ,ýƷ·ˣƷȽֵʵݡ
329015,𲻺öһƷҲƷΪ,ݱȽȫ棬˽֪ܶʶ
358970,һЩʱش𲻹ȫ,ʾ棬ʶ
342263,ҽвҽظ˸оеʱ䣬Ϊûٸĸо,ҽʵãһЩⲻҽԺֱѯҽͿ֪ʡʱʡ#߹ҺҲʵãǰԤԼҽŰһĿȻû
350619,̳Ʒȫһ٣,ҽ⣬ϸ¡
362859,û޽ȫ屦ı̫ٵ˲,ñ˴ҵĲμӻԡϵĴʵʵڡֱ˻˵󣬽ͼܺ
375113,ʱһ̫٣оٵ,ϸȫ棬ܻҵҪĶ
322109,޻׼Դлл,ƵͷҽͦõģرеСëȥҽԺƽҽͽˣҽרҵģǳ㣬ϲܡ
344392,_____ĺ_ѽ,ͦ___ģͦ_á
366389,Ǳ,һЩʶҩҲ
323364,ҽҩܹӦ,ƽҽҽȽרҵ
337063,ûУܵ˵ԣе⻹Ҫ֤,˽⽡⣬һЩ֪ʶ
332512,򲻿˵Ӳ,ҽֱıȽϺá
357503,Ʋ׼ȷͣлƷʵ̫,ȽϺõİǲÿ춼á⻹кܶཡӣʵãѧ֪ܶʶ֮ǼƲ׼ֹͣ
367094,0Ԫһʱ䲻¡ʱٸ³Ʒʾû,ͷͦ
328622,___ʱѻ࣬޹صĻࡣ,ÿⶼϸ
356965,ﲽǳ,ҽʱ
346054,ʱҽһظظٶȲǺܿ죬ʱҲʱ͹ȥ,ҾҽǺܺõģ֮ǻٲģǺԻ#
333913,Ҳ˵þʲôط,ʲôʱ⣬ƽҽܹظ
325365,û44444444,ܺ88888888
340074,һһƷ̫٣Ƶ̫,ݷḻȫ棬Ʒ
335661,ÿնĽƷٶ㣬ͽԶ㣡,ֱÿͷ
326645,һƷԴ㣬Զҵ,ʹԼ˶˽⽡֪ʶ
348444,̳ŻȺ͹ٴ,֪ʶ⣬̳ҲȽʵ
352186,ΪЩʱ򾭳סᡣ,ֱ֪ʶ㣬Խ档
361703,ѵĶȱ 첻,趫
332723,,ʱش𣬷㣬
331468,һ,·Ķ
337301,˾ûãûҪĽ,̳ǿƷͷ˽ཡ֪ʶҽɻ
362182,ûвõķ涼ܺ,ܺԴӽӴƽҽÿ춼һ
324035,ȫԻƷ࣬ʱ,ѯҽ⣬£𣬣ǳã#ϣȫԻƷЩ
329318,𾭳ǲ׼,Ǿںܷ㣬Ҳ׼ȷ
372108,ûֲãḻһЩɣҺڴ,ƶܶ˼˶
371790,йؽḻһЩ硣 żҽ̨,涼ܺá ҳƼѡôҶע档ллǡ
369084,Ŀǰûһʱ,ƽҽƽ̨ķǳãǽƽ̨ѧϰ˺֪ܶʶڽ˶涼ǿ۽磬һҽΪǱݻÿ쿴ֱͷǳÿ첽Խǳлƽҽףƽ̨ԽԽãҲϣԽԽ˼ѧϰ档
372565,ʱ벻˵,ƽҽʱش⣡
325050,ͦãûˣҵİͦ,ͦõģһżһԼ֢״
358799,Ƭ²ƷĻͲ׼ˣ汦Ļԣÿɱˡͼᱦоʾϵͳæ,Ƚϼɣ̳Ҳԡǵͼᱦʱ׼ȷеʱȴ첻䡣
352643,ԻĶϻ,ֱȽϺʱῴ
330819,ʱû־öͦõ,ҽƱ ˶öܰҶϲ
323255,ӦЩȫƷ,֪ԼЩƷ
334129,һ ҲЦ ôɢ ,ϲ һ
360251,һѾ첻,̳ǲƷȽϷḻ۸Ƚϱ
339343,ûзֲõĵطϣٽ,ҽ鷽һĲο
329308,̳ƷǷȱӦƷ,ҽڼʱ彡״̬
352034,Ʋ׼,ͷѯ
349050,𻻵Ķ̫٣ʱ̫ʲô,䶼ܺã˽Щ֪ʶܺ
338630,̳ǿƷ۶,ƽҽһܺõ֪ʶ㷺нֱԤԼҺšЩԼϲƷҿ·𡢶ᱦ
341533,Ŀǰûʲôõ,𣬶һƷ߻ԡ
345724,Ʋʱ׼ȷƲҪĽ,֣нҽ
337687,һٺܲãҪͣҪʧȥġ,ܼ ָ˶ܺá
351669,ȫһƷ̫ˣ̫ʧˡ,̫ˣ죬ˬ
332784,˰ƷһҲûˣԱ,ƼһЩԽ֪ʶ
330199,ȫһƷܲܶһЩһЩ,ȶ壬ָרѯܿѯ
339078,»ûʲôö,˵ı彡֪ʶ
343998,ûʲôõġҸоȽϲ,ƽҽнʲôʲôȺкõĽÿ쿴ѧܶණҸоȽϺá
335759,Ʋʱ׼ȷһƷ̫еƷ̫Ҫı̫֪࣬Ҫܼ!,ĽжѶ˳ʶᱦ룬ָз
362332,˵ûз,涼ȽϺãҽʱҽܴʹԼֶ
362735,һûжѴ򿪾,ֱʣ
321738,appЩҳ淴Ӧʱ̫,Լ˶Ʒ۸رŻ
326064,ôÿ˶ÿܳ,ƶƻĿѵ
367702,Ʋ׼ȷһƷһƵ̫ͣ½һȥ̶һ䡣,Ǿ׼ȷĿѻ
355310,ʱûУʹÿܺۡ,_м˶̳ͼ۸дӺͽ͡
337053,Ʒһ,ҳƺ֪ʶȫ
338302,Щ̫Ƭͽѣ,𣬶һƷ
328045,һ˵пպú롣,ҽѧ֪ʶߺܶࡣ
351869,ȫһҮеͬĸоᱦøڶһ,ֱҽ˽һЩʶӶԤƣҪǴٽ
375338,¼Ǻ׼ȷнϴ,ԿֱԺҽ
351424,ĿǰΪֹ_зʲôõ,ҽ棬岻ҽѯ
324926,Ʒ٣࣬޷ԻϣĽ,ֱ̳ǣ
333835,̳ƷȽ٣еļܻܶһ,ֱ˸˽Լ״
349708,ݻһḻ,ǿݷḻףԽԽ!
366584,ȡ䲻׼Ǯȥ򲻵ҪĶ,Զ壬ͬʱջЧ棬
367521,Ʋ׼һƷḻ,ͷͽֱȡ
368741,ýƷǳ,֪ʶ棬Ԥ彡ƶкܴİҪƷǳ㡣
353594,Ӧٶ۵ķ棬ƻĿɲ,̳ǶһĶȽϷҵҪ
372520,ǶһĶ̫СˣЩһҲһˡ,رýܼңͨרָѧ˺֪ܶʶ֪ȥȥһֱֱ٤裬٣پҽǳһȥ
374448,_ƷǼٵģʲôʱ䶼ûлкܶΪ˲ţ˳˴,ҵĽʶ߲꣬ǳãǶԽƷǼٵģʲôʱҲûл
327596,ΪͦõģҪĽĻʱϵ,̳ǵƷٶ㣬ȫ͸ˡ
361453,涼ܺãûʲôĵطŬɡ,㣬ݣģϸ
330146,ֱƵӦøʱĸ¡,Զȥ
362003,ҾûСֵٽ,ƽҽ̬رáĵһһ
357480,ӺѣѾˣǲǲ֣֪ôŪˣ,ûĸã
334719,ҽķ.ҽش̫ͳ.,ȽϺ.ܻܶƷ.
352460,ûУ˾úܲ,ݣϢʱʡ
350811,ûв̫õģݶͦõġ,ݣҶ
330595,Ʋʱ׼ȷʵ,ֱඡ⽡֪ʶ
329310,̫ˣ,Լ˶ѻ
342521,һ࣬Ͷ,Ϣ󣬶Խ֪ʶ˽ࡣ
330664,ܲ__ûǮΪʲô__ÿֻ˵Ǯ__,ûǮֻȥ˵ġ
338413,һƷḻ²飬,Ԥ˶ݵռƹĽϺãбappʵݷḻֵƼ
331755,֪ûʹù,һ㣬̫˽⣬ûù
345890,,ã
335153,Ա°ܻĥз֮,𽡿̳ǵȷ
357642,лƽҽİ࣬btƵĥԼ°ܻûԵ,ҽ𣬽̳ǡ
335152,·һƷ,ڽ治вƵǾĽ棡
354907,Ѷʵԣɲԣ,רҽȫѶ
349967,Ƶеظ£ϣĽ,֪ʶʳƷĿĺá
364066,ʱ̫٣ʱſûˡ,ҽ
324873,ٶ̫ľ̫١,ҽģϰգܺòȥҽԺͽ
334280,ʱҳе˵ȵʱ,·һϰߣȺ˻ȣ˼
355597,еʱǲǲϲ,ԴӲƽҽ󣬴Χͬºͼ˻μ˶Ӻܶཡ֪ʶ˽ʶҾƽҽķǳãҺϲ
350786,û֣һ֤,ƷԼ۱ȸߣɿ
345176,õķ滹ûз֣,齱ҽͦõģҪǿѧˣﲻҲʣĲ
356085,иճеСʶ,ܷ㣬ҽ̬ȺܺãҲרҵܼʱ⡣нͷкܶõ֪ʶ
330312,ýķ棨̫٣ܷܲŴ󣬵뱣֤,1ҽȽϸ𣬽˵׶ģ#2Ҿҩ۸͹ЧȽϺ#3ÿ·׬Ǯ#4пվͿֱǿĶ٣Ҷ档
358972,Ĳãȫ,Ƚȫ棬ݷḻ
356521,ֻܶᱦýÿ켸̳Ʒĸ¡,ÿ·ʹҸýҪճƷʵַ㣬·!ֱʹ˼ʶ!
370191,һʱϡ,·ٶ壬콡𣬶һ̫£ϡ
373763,Ķۺû֤,㣬ÿ·׬Ǯ
366432,϶Բ˽_ҪǸ֪޻,ʵ⣬֪Ķȥ
358338,һƽҽļƲ׼ȷ۵Ʒ۸ƫߡ,ҽѯ飬Ȼҽ轨ԵĻظ
367366,"ֱʱʱ,#һæꡣ",ͷʱѧöཡ֪ʶǾڰӷ㡣
353372,ȫһ϶̫,ɱ̳ȫһ#